,phonemes,overlap / correlation
0,"['ɨ̄', 'ɪ̄']",0.79
1,"['ɨ̄', 'ū']",0.79
2,"['ɨ̄', 'ē']",0.58
3,"['ɨ̄', 'ō']",0.55
4,"['ɨ̄', 'ǣ']",0.32
5,"['ɨ̄', 'ā']",0.55
6,"['ɨ̄', 'œ̄']",0.1
7,"['ɨ̄', 'ɔ̄']",0.34
8,"['ɨ̄', 'i']",0.58
9,"['ɨ̄', 'u']",0.55
10,"['ɨ̄', 'e']",0.36
11,"['ɨ̄', 'ʌ']",0.58
12,"['ɨ̄', 'o']",0.32
13,"['ɨ̄', 'æ']",0.08
14,"['ɨ̄', 'ɔ']",0.1
15,"['ɨ̄', 'y']",0.36
16,"['ɨ̄', 'w']",0.32
17,"['ɨ̄', 'ɛ']",0.06
18,"['ɨ̄', 'r']",-0.11
19,"['ɨ̄', 'l']",-0.3
20,"['ɨ̄', 'p']",-0.44
21,"['ɨ̄', 'b']",-0.38
22,"['ɨ̄', 'f']",-0.34
23,"['ɨ̄', 'v']",-0.31
24,"['ɨ̄', 'm']",-0.34
25,"['ɨ̄', 't']",-0.6
26,"['ɨ̄', 'd']",-0.55
27,"['ɨ̄', 'θ']",-0.55
28,"['ɨ̄', 'ð']",-0.51
29,"['ɨ̄', 'n']",-0.51
30,"['ɨ̄', 's']",-0.51
31,"['ɨ̄', 'z']",-0.5
32,"['ɨ̄', 'c']",-0.55
33,"['ɨ̄', 'č']",-0.13
34,"['ɨ̄', 'ǰ']",-0.11
35,"['ɨ̄', 'š']",-0.11
36,"['ɨ̄', 'ž']",-0.09
37,"['ɨ̄', 'k']",0.39
38,"['ɨ̄', 'g']",0.38
39,"['ɨ̄', 'x']",0.38
40,"['ɨ̄', 'ŋ']",0.3
41,"['ɨ̄', 'h']",-0.19
42,"['ɨ̄', 'kʷ']",0.17
43,"['ɨ̄', 'gʷ']",0.18
44,"['ɨ̄', 'xʷ']",0.18
45,"['ɪ̄', 'ū']",0.61
46,"['ɪ̄', 'ē']",0.76
47,"['ɪ̄', 'ō']",0.32
48,"['ɪ̄', 'ǣ']",0.52
49,"['ɪ̄', 'ā']",0.32
50,"['ɪ̄', 'œ̄']",0.32
51,"['ɪ̄', 'ɔ̄']",0.14
52,"['ɪ̄', 'i']",0.76
53,"['ɪ̄', 'u']",0.32
54,"['ɪ̄', 'e']",0.51
55,"['ɪ̄', 'ʌ']",0.24
56,"['ɪ̄', 'o']",0.04
57,"['ɪ̄', 'æ']",0.24
58,"['ɪ̄', 'ɔ']",-0.14
59,"['ɪ̄', 'y']",0.51
60,"['ɪ̄', 'w']",0.04
61,"['ɪ̄', 'ɛ']",0.19
62,"['ɪ̄', 'r']",0.08
63,"['ɪ̄', 'l']",-0.08
64,"['ɪ̄', 'p']",-0.34
65,"['ɪ̄', 'b']",-0.25
66,"['ɪ̄', 'f']",-0.18
67,"['ɪ̄', 'v']",-0.13
68,"['ɪ̄', 'm']",-0.18
69,"['ɪ̄', 't']",-0.48
70,"['ɪ̄', 'd']",-0.4
71,"['ɪ̄', 'θ']",-0.4
72,"['ɪ̄', 'ð']",-0.34
73,"['ɪ̄', 'n']",-0.34
74,"['ɪ̄', 's']",-0.34
75,"['ɪ̄', 'z']",-0.29
76,"['ɪ̄', 'c']",-0.4
77,"['ɪ̄', 'č']",0.03
78,"['ɪ̄', 'ǰ']",0.08
79,"['ɪ̄', 'š']",0.08
80,"['ɪ̄', 'ž']",0.13
81,"['ɪ̄', 'k']",0.07
82,"['ɪ̄', 'g']",0.11
83,"['ɪ̄', 'x']",0.11
84,"['ɪ̄', 'ŋ']",0.08
85,"['ɪ̄', 'h']",-0.08
86,"['ɪ̄', 'kʷ']",-0.1
87,"['ɪ̄', 'gʷ']",-0.05
88,"['ɪ̄', 'xʷ']",-0.05
89,"['ū', 'ē']",0.43
90,"['ū', 'ō']",0.79
91,"['ū', 'ǣ']",0.14
92,"['ū', 'ā']",0.34
93,"['ū', 'œ̄']",0.34
94,"['ū', 'ɔ̄']",0.55
95,"['ū', 'i']",0.43
96,"['ū', 'u']",0.79
97,"['ū', 'e']",0.23
98,"['ū', 'ʌ']",0.43
99,"['ū', 'o']",0.61
100,"['ū', 'æ']",-0.08
101,"['ū', 'ɔ']",0.34
102,"['ū', 'y']",0.23
103,"['ū', 'w']",0.61
104,"['ū', 'ɛ']",-0.06
105,"['ū', 'r']",-0.09
106,"['ū', 'l']",-0.31
107,"['ū', 'p']",-0.31
108,"['ū', 'b']",-0.29
109,"['ū', 'f']",-0.29
110,"['ū', 'v']",-0.3
111,"['ū', 'm']",-0.29
112,"['ū', 't']",-0.51
113,"['ū', 'd']",-0.5
114,"['ū', 'θ']",-0.5
115,"['ū', 'ð']",-0.5
116,"['ū', 'n']",-0.5
117,"['ū', 's']",-0.5
118,"['ū', 'z']",-0.51
119,"['ū', 'c']",-0.5
120,"['ū', 'č']",-0.08
121,"['ū', 'ǰ']",-0.09
122,"['ū', 'š']",-0.09
123,"['ū', 'ž']",-0.11
124,"['ū', 'k']",0.27
125,"['ū', 'g']",0.24
126,"['ū', 'x']",0.24
127,"['ū', 'ŋ']",0.31
128,"['ū', 'h']",-0.06
129,"['ū', 'kʷ']",0.44
130,"['ū', 'gʷ']",0.41
131,"['ū', 'xʷ']",0.41
132,"['ē', 'ō']",0.58
133,"['ē', 'ǣ']",0.76
134,"['ē', 'ā']",0.58
135,"['ē', 'œ̄']",0.58
136,"['ē', 'ɔ̄']",0.43
137,"['ē', 'i']",0.43
138,"['ē', 'u']",0.08
139,"['ē', 'e']",0.71
140,"['ē', 'ʌ']",0.43
141,"['ē', 'o']",0.24
142,"['ē', 'æ']",0.43
143,"['ē', 'ɔ']",0.08
144,"['ē', 'y']",0.05
145,"['ē', 'w']",-0.28
146,"['ē', 'ɛ']",0.35
147,"['ē', 'r']",0.3
148,"['ē', 'l']",0.16
149,"['ē', 'p']",-0.24
150,"['ē', 'b']",-0.12
151,"['ē', 'f']",-0.02
152,"['ē', 'v']",0.07
153,"['ē', 'm']",-0.02
154,"['ē', 't']",-0.36
155,"['ē', 'd']",-0.25
156,"['ē', 'θ']",-0.25
157,"['ē', 'ð']",-0.16
158,"['ē', 'n']",-0.16
159,"['ē', 's']",-0.16
160,"['ē', 'z']",-0.07
161,"['ē', 'c']",-0.25
162,"['ē', 'č']",-0.25
163,"['ē', 'ǰ']",-0.16
164,"['ē', 'š']",-0.16
165,"['ē', 'ž']",-0.07
166,"['ē', 'k']",-0.29
167,"['ē', 'g']",-0.18
168,"['ē', 'x']",-0.18
169,"['ē', 'ŋ']",-0.16
170,"['ē', 'h']",0.04
171,"['ē', 'kʷ']",-0.41
172,"['ē', 'gʷ']",-0.3
173,"['ē', 'xʷ']",-0.3
174,"['ō', 'ǣ']",0.32
175,"['ō', 'ā']",0.55
176,"['ō', 'œ̄']",0.55
177,"['ō', 'ɔ̄']",0.79
178,"['ō', 'i']",0.08
179,"['ō', 'u']",0.55
180,"['ō', 'e']",0.36
181,"['ō', 'ʌ']",0.58
182,"['ō', 'o']",0.79
183,"['ō', 'æ']",0.08
184,"['ō', 'ɔ']",0.55
185,"['ō', 'y']",-0.23
186,"['ō', 'w']",0.32
187,"['ō', 'ɛ']",0.06
188,"['ō', 'r']",0.09
189,"['ō', 'l']",-0.09
190,"['ō', 'p']",-0.19
191,"['ō', 'b']",-0.15
192,"['ō', 'f']",-0.13
193,"['ō', 'v']",-0.11
194,"['ō', 'm']",-0.13
195,"['ō', 't']",-0.38
196,"['ō', 'd']",-0.34
197,"['ō', 'θ']",-0.34
198,"['ō', 'ð']",-0.31
199,"['ō', 'n']",-0.31
200,"['ō', 's']",-0.31
201,"['ō', 'z']",-0.3
202,"['ō', 'c']",-0.34
203,"['ō', 'č']",-0.34
204,"['ō', 'ǰ']",-0.31
205,"['ō', 'š']",-0.31
206,"['ō', 'ž']",-0.3
207,"['ō', 'k']",-0.05
208,"['ō', 'g']",-0.03
209,"['ō', 'x']",-0.03
210,"['ō', 'ŋ']",0.09
211,"['ō', 'h']",0.06
212,"['ō', 'kʷ']",0.17
213,"['ō', 'gʷ']",0.18
214,"['ō', 'xʷ']",0.18
215,"['ǣ', 'ā']",0.79
216,"['ǣ', 'œ̄']",0.79
217,"['ǣ', 'ɔ̄']",0.61
218,"['ǣ', 'i']",0.24
219,"['ǣ', 'u']",-0.14
220,"['ǣ', 'e']",0.51
221,"['ǣ', 'ʌ']",0.24
222,"['ǣ', 'o']",0.04
223,"['ǣ', 'æ']",0.76
224,"['ǣ', 'ɔ']",0.32
225,"['ǣ', 'y']",-0.09
226,"['ǣ', 'w']",-0.44
227,"['ǣ', 'ɛ']",0.19
228,"['ǣ', 'r']",0.08
229,"['ǣ', 'l']",-0.08
230,"['ǣ', 'p']",-0.34
231,"['ǣ', 'b']",-0.25
232,"['ǣ', 'f']",-0.18
233,"['ǣ', 'v']",-0.13
234,"['ǣ', 'm']",-0.18
235,"['ǣ', 't']",-0.48
236,"['ǣ', 'd']",-0.4
237,"['ǣ', 'θ']",-0.4
238,"['ǣ', 'ð']",-0.34
239,"['ǣ', 'n']",-0.34
240,"['ǣ', 's']",-0.34
241,"['ǣ', 'z']",-0.29
242,"['ǣ', 'c']",-0.4
243,"['ǣ', 'č']",-0.4
244,"['ǣ', 'ǰ']",-0.34
245,"['ǣ', 'š']",-0.34
246,"['ǣ', 'ž']",-0.29
247,"['ǣ', 'k']",-0.39
248,"['ǣ', 'g']",-0.31
249,"['ǣ', 'x']",-0.31
250,"['ǣ', 'ŋ']",-0.34
251,"['ǣ', 'h']",0.44
252,"['ǣ', 'kʷ']",-0.52
253,"['ǣ', 'gʷ']",-0.45
254,"['ǣ', 'xʷ']",-0.45
255,"['ā', 'œ̄']",0.55
256,"['ā', 'ɔ̄']",0.79
257,"['ā', 'i']",0.08
258,"['ā', 'u']",0.1
259,"['ā', 'e']",0.36
260,"['ā', 'ʌ']",0.58
261,"['ā', 'o']",0.32
262,"['ā', 'æ']",0.58
263,"['ā', 'ɔ']",0.55
264,"['ā', 'y']",-0.23
265,"['ā', 'w']",-0.14
266,"['ā', 'ɛ']",0.06
267,"['ā', 'r']",-0.11
268,"['ā', 'l']",-0.3
269,"['ā', 'p']",-0.44
270,"['ā', 'b']",-0.38
271,"['ā', 'f']",-0.34
272,"['ā', 'v']",-0.31
273,"['ā', 'm']",-0.34
274,"['ā', 't']",-0.6
275,"['ā', 'd']",-0.55
276,"['ā', 'θ']",-0.55
277,"['ā', 'ð']",-0.51
278,"['ā', 'n']",-0.51
279,"['ā', 's']",-0.51
280,"['ā', 'z']",-0.5
281,"['ā', 'c']",-0.55
282,"['ā', 'č']",-0.55
283,"['ā', 'ǰ']",-0.51
284,"['ā', 'š']",-0.51
285,"['ā', 'ž']",-0.5
286,"['ā', 'k']",-0.05
287,"['ā', 'g']",-0.03
288,"['ā', 'x']",-0.03
289,"['ā', 'ŋ']",-0.11
290,"['ā', 'h']",0.31
291,"['ā', 'kʷ']",-0.24
292,"['ā', 'gʷ']",-0.21
293,"['ā', 'xʷ']",-0.21
294,"['œ̄', 'ɔ̄']",0.79
295,"['œ̄', 'i']",0.08
296,"['œ̄', 'u']",0.1
297,"['œ̄', 'e']",0.36
298,"['œ̄', 'ʌ']",0.08
299,"['œ̄', 'o']",0.32
300,"['œ̄', 'æ']",0.58
301,"['œ̄', 'ɔ']",0.55
302,"['œ̄', 'y']",-0.23
303,"['œ̄', 'w']",-0.14
304,"['œ̄', 'ɛ']",0.06
305,"['œ̄', 'r']",0.09
306,"['œ̄', 'l']",-0.09
307,"['œ̄', 'p']",-0.19
308,"['œ̄', 'b']",-0.15
309,"['œ̄', 'f']",-0.13
310,"['œ̄', 'v']",-0.11
311,"['œ̄', 'm']",-0.13
312,"['œ̄', 't']",-0.38
313,"['œ̄', 'd']",-0.34
314,"['œ̄', 'θ']",-0.34
315,"['œ̄', 'ð']",-0.31
316,"['œ̄', 'n']",-0.31
317,"['œ̄', 's']",-0.31
318,"['œ̄', 'z']",-0.3
319,"['œ̄', 'c']",-0.34
320,"['œ̄', 'č']",-0.34
321,"['œ̄', 'ǰ']",-0.31
322,"['œ̄', 'š']",-0.31
323,"['œ̄', 'ž']",-0.3
324,"['œ̄', 'k']",-0.49
325,"['œ̄', 'g']",-0.44
326,"['œ̄', 'x']",-0.44
327,"['œ̄', 'ŋ']",-0.31
328,"['œ̄', 'h']",0.56
329,"['œ̄', 'kʷ']",-0.24
330,"['œ̄', 'gʷ']",-0.21
331,"['œ̄', 'xʷ']",-0.21
332,"['ɔ̄', 'i']",-0.08
333,"['ɔ̄', 'u']",0.34
334,"['ɔ̄', 'e']",0.23
335,"['ɔ̄', 'ʌ']",0.43
336,"['ɔ̄', 'o']",0.61
337,"['ɔ̄', 'æ']",0.43
338,"['ɔ̄', 'ɔ']",0.79
339,"['ɔ̄', 'y']",-0.36
340,"['ɔ̄', 'w']",0.14
341,"['ɔ̄', 'ɛ']",-0.06
342,"['ɔ̄', 'r']",-0.09
343,"['ɔ̄', 'l']",-0.31
344,"['ɔ̄', 'p']",-0.31
345,"['ɔ̄', 'b']",-0.29
346,"['ɔ̄', 'f']",-0.29
347,"['ɔ̄', 'v']",-0.3
348,"['ɔ̄', 'm']",-0.29
349,"['ɔ̄', 't']",-0.51
350,"['ɔ̄', 'd']",-0.5
351,"['ɔ̄', 'θ']",-0.5
352,"['ɔ̄', 'ð']",-0.5
353,"['ɔ̄', 'n']",-0.5
354,"['ɔ̄', 's']",-0.5
355,"['ɔ̄', 'z']",-0.51
356,"['ɔ̄', 'c']",-0.5
357,"['ɔ̄', 'č']",-0.5
358,"['ɔ̄', 'ǰ']",-0.5
359,"['ɔ̄', 'š']",-0.5
360,"['ɔ̄', 'ž']",-0.51
361,"['ɔ̄', 'k']",-0.17
362,"['ɔ̄', 'g']",-0.17
363,"['ɔ̄', 'x']",-0.17
364,"['ɔ̄', 'ŋ']",-0.09
365,"['ɔ̄', 'h']",0.44
366,"['ɔ̄', 'kʷ']",0.03
367,"['ɔ̄', 'gʷ']",0.02
368,"['ɔ̄', 'xʷ']",0.02
369,"['i', 'u']",0.58
370,"['i', 'e']",0.71
371,"['i', 'ʌ']",0.43
372,"['i', 'o']",0.24
373,"['i', 'æ']",0.43
374,"['i', 'ɔ']",0.08
375,"['i', 'y']",0.71
376,"['i', 'w']",0.24
377,"['i', 'ɛ']",0.35
378,"['i', 'r']",0.07
379,"['i', 'l']",-0.07
380,"['i', 'p']",-0.52
381,"['i', 'b']",-0.36
382,"['i', 'f']",-0.25
383,"['i', 'v']",-0.16
384,"['i', 'm']",-0.25
385,"['i', 't']",-0.61
386,"['i', 'd']",-0.49
387,"['i', 'θ']",-0.49
388,"['i', 'ð']",-0.38
389,"['i', 'n']",-0.38
390,"['i', 's']",-0.38
391,"['i', 'z']",-0.3
392,"['i', 'c']",-0.49
393,"['i', 'č']",-0.02
394,"['i', 'ǰ']",0.07
395,"['i', 'š']",0.07
396,"['i', 'ž']",0.16
397,"['i', 'k']",-0.04
398,"['i', 'g']",0.05
399,"['i', 'x']",0.05
400,"['i', 'ŋ']",0.07
401,"['i', 'h']",-0.24
402,"['i', 'kʷ']",-0.18
403,"['i', 'gʷ']",-0.08
404,"['i', 'xʷ']",-0.08
405,"['u', 'e']",0.36
406,"['u', 'ʌ']",0.58
407,"['u', 'o']",0.79
408,"['u', 'æ']",0.08
409,"['u', 'ɔ']",0.55
410,"['u', 'y']",0.36
411,"['u', 'w']",0.79
412,"['u', 'ɛ']",0.06
413,"['u', 'r']",-0.11
414,"['u', 'l']",-0.3
415,"['u', 'p']",-0.44
416,"['u', 'b']",-0.38
417,"['u', 'f']",-0.34
418,"['u', 'v']",-0.31
419,"['u', 'm']",-0.34
420,"['u', 't']",-0.6
421,"['u', 'd']",-0.55
422,"['u', 'θ']",-0.55
423,"['u', 'ð']",-0.51
424,"['u', 'n']",-0.51
425,"['u', 's']",-0.51
426,"['u', 'z']",-0.5
427,"['u', 'c']",-0.55
428,"['u', 'č']",-0.13
429,"['u', 'ǰ']",-0.11
430,"['u', 'š']",-0.11
431,"['u', 'ž']",-0.09
432,"['u', 'k']",0.17
433,"['u', 'g']",0.17
434,"['u', 'x']",0.17
435,"['u', 'ŋ']",0.3
436,"['u', 'h']",-0.19
437,"['u', 'kʷ']",0.38
438,"['u', 'gʷ']",0.38
439,"['u', 'xʷ']",0.38
440,"['e', 'ʌ']",0.71
441,"['e', 'o']",0.51
442,"['e', 'æ']",0.71
443,"['e', 'ɔ']",0.36
444,"['e', 'y']",0.24
445,"['e', 'w']",-0.09
446,"['e', 'ɛ']",0.57
447,"['e', 'r']",0.33
448,"['e', 'l']",0.2
449,"['e', 'p']",-0.45
450,"['e', 'b']",-0.25
451,"['e', 'f']",-0.08
452,"['e', 'v']",0.06
453,"['e', 'm']",-0.08
454,"['e', 't']",-0.54
455,"['e', 'd']",-0.36
456,"['e', 'θ']",-0.36
457,"['e', 'ð']",-0.2
458,"['e', 'n']",-0.2
459,"['e', 's']",-0.2
460,"['e', 'z']",-0.06
461,"['e', 'c']",-0.36
462,"['e', 'č']",-0.36
463,"['e', 'ǰ']",-0.2
464,"['e', 'š']",-0.2
465,"['e', 'ž']",-0.06
466,"['e', 'k']",-0.46
467,"['e', 'g']",-0.29
468,"['e', 'x']",-0.29
469,"['e', 'ŋ']",-0.2
470,"['e', 'h']",-0.13
471,"['e', 'kʷ']",-0.55
472,"['e', 'gʷ']",-0.39
473,"['e', 'xʷ']",-0.39
474,"['ʌ', 'o']",0.76
475,"['ʌ', 'æ']",0.43
476,"['ʌ', 'ɔ']",0.58
477,"['ʌ', 'y']",0.05
478,"['ʌ', 'w']",0.24
479,"['ʌ', 'ɛ']",0.35
480,"['ʌ', 'r']",0.07
481,"['ʌ', 'l']",-0.07
482,"['ʌ', 'p']",-0.52
483,"['ʌ', 'b']",-0.36
484,"['ʌ', 'f']",-0.25
485,"['ʌ', 'v']",-0.16
486,"['ʌ', 'm']",-0.25
487,"['ʌ', 't']",-0.61
488,"['ʌ', 'd']",-0.49
489,"['ʌ', 'θ']",-0.49
490,"['ʌ', 'ð']",-0.38
491,"['ʌ', 'n']",-0.38
492,"['ʌ', 's']",-0.38
493,"['ʌ', 'z']",-0.3
494,"['ʌ', 'c']",-0.49
495,"['ʌ', 'č']",-0.49
496,"['ʌ', 'ǰ']",-0.38
497,"['ʌ', 'š']",-0.38
498,"['ʌ', 'ž']",-0.3
499,"['ʌ', 'k']",-0.04
500,"['ʌ', 'g']",0.05
501,"['ʌ', 'x']",0.05
502,"['ʌ', 'ŋ']",0.07
503,"['ʌ', 'h']",-0.24
504,"['ʌ', 'kʷ']",-0.18
505,"['ʌ', 'gʷ']",-0.08
506,"['ʌ', 'xʷ']",-0.08
507,"['o', 'æ']",0.24
508,"['o', 'ɔ']",0.79
509,"['o', 'y']",-0.09
510,"['o', 'w']",0.52
511,"['o', 'ɛ']",0.19
512,"['o', 'r']",0.08
513,"['o', 'l']",-0.08
514,"['o', 'p']",-0.34
515,"['o', 'b']",-0.25
516,"['o', 'f']",-0.18
517,"['o', 'v']",-0.13
518,"['o', 'm']",-0.18
519,"['o', 't']",-0.48
520,"['o', 'd']",-0.4
521,"['o', 'θ']",-0.4
522,"['o', 'ð']",-0.34
523,"['o', 'n']",-0.34
524,"['o', 's']",-0.34
525,"['o', 'z']",-0.29
526,"['o', 'c']",-0.4
527,"['o', 'č']",-0.4
528,"['o', 'ǰ']",-0.34
529,"['o', 'š']",-0.34
530,"['o', 'ž']",-0.29
531,"['o', 'k']",-0.16
532,"['o', 'g']",-0.1
533,"['o', 'x']",-0.1
534,"['o', 'ŋ']",0.08
535,"['o', 'h']",-0.08
536,"['o', 'kʷ']",0.11
537,"['o', 'gʷ']",0.16
538,"['o', 'xʷ']",0.16
539,"['æ', 'ɔ']",0.58
540,"['æ', 'y']",0.05
541,"['æ', 'w']",-0.28
542,"['æ', 'ɛ']",0.35
543,"['æ', 'r']",0.07
544,"['æ', 'l']",-0.07
545,"['æ', 'p']",-0.52
546,"['æ', 'b']",-0.36
547,"['æ', 'f']",-0.25
548,"['æ', 'v']",-0.16
549,"['æ', 'm']",-0.25
550,"['æ', 't']",-0.61
551,"['æ', 'd']",-0.49
552,"['æ', 'θ']",-0.49
553,"['æ', 'ð']",-0.38
554,"['æ', 'n']",-0.38
555,"['æ', 's']",-0.38
556,"['æ', 'z']",-0.3
557,"['æ', 'c']",-0.49
558,"['æ', 'č']",-0.49
559,"['æ', 'ǰ']",-0.38
560,"['æ', 'š']",-0.38
561,"['æ', 'ž']",-0.3
562,"['æ', 'k']",-0.53
563,"['æ', 'g']",-0.41
564,"['æ', 'x']",-0.41
565,"['æ', 'ŋ']",-0.38
566,"['æ', 'h']",0.32
567,"['æ', 'kʷ']",-0.63
568,"['æ', 'gʷ']",-0.52
569,"['æ', 'xʷ']",-0.52
570,"['ɔ', 'y']",-0.23
571,"['ɔ', 'w']",0.32
572,"['ɔ', 'ɛ']",0.06
573,"['ɔ', 'r']",-0.11
574,"['ɔ', 'l']",-0.3
575,"['ɔ', 'p']",-0.44
576,"['ɔ', 'b']",-0.38
577,"['ɔ', 'f']",-0.34
578,"['ɔ', 'v']",-0.31
579,"['ɔ', 'm']",-0.34
580,"['ɔ', 't']",-0.6
581,"['ɔ', 'd']",-0.55
582,"['ɔ', 'θ']",-0.55
583,"['ɔ', 'ð']",-0.51
584,"['ɔ', 'n']",-0.51
585,"['ɔ', 's']",-0.51
586,"['ɔ', 'z']",-0.5
587,"['ɔ', 'c']",-0.55
588,"['ɔ', 'č']",-0.55
589,"['ɔ', 'ǰ']",-0.51
590,"['ɔ', 'š']",-0.51
591,"['ɔ', 'ž']",-0.5
592,"['ɔ', 'k']",-0.27
593,"['ɔ', 'g']",-0.24
594,"['ɔ', 'x']",-0.24
595,"['ɔ', 'ŋ']",-0.11
596,"['ɔ', 'h']",0.31
597,"['ɔ', 'kʷ']",-0.03
598,"['ɔ', 'gʷ']",-0.02
599,"['ɔ', 'xʷ']",-0.02
600,"['y', 'w']",0.51
601,"['y', 'ɛ']",0.57
602,"['y', 'r']",-0.2
603,"['y', 'l']",-0.33
604,"['y', 'p']",-0.45
605,"['y', 'b']",-0.25
606,"['y', 'f']",-0.08
607,"['y', 'v']",0.06
608,"['y', 'm']",-0.08
609,"['y', 't']",-0.54
610,"['y', 'd']",-0.36
611,"['y', 'θ']",-0.36
612,"['y', 'ð']",-0.2
613,"['y', 'n']",-0.2
614,"['y', 's']",-0.2
615,"['y', 'z']",-0.06
616,"['y', 'c']",-0.36
617,"['y', 'č']",0.19
618,"['y', 'ǰ']",0.33
619,"['y', 'š']",0.33
620,"['y', 'ž']",0.47
621,"['y', 'k']",0.11
622,"['y', 'g']",0.25
623,"['y', 'x']",0.25
624,"['y', 'ŋ']",0.33
625,"['y', 'h']",-0.13
626,"['y', 'kʷ']",-0.02
627,"['y', 'gʷ']",0.12
628,"['y', 'xʷ']",0.12
629,"['w', 'ɛ']",0.19
630,"['w', 'r']",-0.34
631,"['w', 'l']",-0.5
632,"['w', 'p']",-0.34
633,"['w', 'b']",-0.25
634,"['w', 'f']",-0.18
635,"['w', 'v']",-0.13
636,"['w', 'm']",-0.18
637,"['w', 't']",-0.48
638,"['w', 'd']",-0.4
639,"['w', 'θ']",-0.4
640,"['w', 'ð']",-0.34
641,"['w', 'n']",-0.34
642,"['w', 's']",-0.34
643,"['w', 'z']",-0.29
644,"['w', 'c']",-0.4
645,"['w', 'č']",0.03
646,"['w', 'ǰ']",0.08
647,"['w', 'š']",0.08
648,"['w', 'ž']",0.13
649,"['w', 'k']",0.3
650,"['w', 'g']",0.33
651,"['w', 'x']",0.33
652,"['w', 'ŋ']",0.5
653,"['w', 'h']",-0.08
654,"['w', 'kʷ']",0.54
655,"['w', 'gʷ']",0.56
656,"['w', 'xʷ']",0.56
657,"['ɛ', 'r']",0.06
658,"['ɛ', 'l']",-0.06
659,"['ɛ', 'p']",-0.41
660,"['ɛ', 'b']",-0.09
661,"['ɛ', 'f']",0.17
662,"['ɛ', 'v']",0.42
663,"['ɛ', 'm']",0.17
664,"['ɛ', 't']",-0.49
665,"['ɛ', 'd']",-0.2
666,"['ɛ', 'θ']",-0.2
667,"['ɛ', 'ð']",0.06
668,"['ɛ', 'n']",0.06
669,"['ɛ', 's']",0.06
670,"['ɛ', 'z']",0.31
671,"['ɛ', 'c']",-0.2
672,"['ɛ', 'č']",-0.2
673,"['ɛ', 'ǰ']",0.06
674,"['ɛ', 'š']",0.06
675,"['ɛ', 'ž']",0.31
676,"['ɛ', 'k']",-0.43
677,"['ɛ', 'g']",-0.14
678,"['ɛ', 'x']",-0.14
679,"['ɛ', 'ŋ']",0.06
680,"['ɛ', 'h']",0.03
681,"['ɛ', 'kʷ']",-0.51
682,"['ɛ', 'gʷ']",-0.24
683,"['ɛ', 'xʷ']",-0.24
684,"['r', 'l']",0.83
685,"['r', 'p']",0.05
686,"['r', 'b']",0.26
687,"['r', 'f']",0.07
688,"['r', 'v']",0.27
689,"['r', 'm']",0.07
690,"['r', 't']",0.26
691,"['r', 'd']",0.45
692,"['r', 'θ']",0.45
693,"['r', 'ð']",0.63
694,"['r', 'n']",0.27
695,"['r', 's']",0.27
696,"['r', 'z']",0.46
697,"['r', 'c']",0.07
698,"['r', 'č']",0.07
699,"['r', 'ǰ']",0.27
700,"['r', 'š']",0.27
701,"['r', 'ž']",0.46
702,"['r', 'k']",-0.15
703,"['r', 'g']",0.06
704,"['r', 'x']",0.06
705,"['r', 'ŋ']",-0.1
706,"['r', 'h']",0.05
707,"['r', 'kʷ']",-0.12
708,"['r', 'gʷ']",0.07
709,"['r', 'xʷ']",0.07
710,"['l', 'p']",0.4
711,"['l', 'b']",0.54
712,"['l', 'f']",0.3
713,"['l', 'v']",0.46
714,"['l', 'm']",0.3
715,"['l', 't']",0.54
716,"['l', 'd']",0.68
717,"['l', 'θ']",0.68
718,"['l', 'ð']",0.83
719,"['l', 'n']",0.46
720,"['l', 's']",0.46
721,"['l', 'z']",0.63
722,"['l', 'c']",0.3
723,"['l', 'č']",-0.07
724,"['l', 'ǰ']",0.1
725,"['l', 'š']",0.1
726,"['l', 'ž']",0.27
727,"['l', 'k']",-0.25
728,"['l', 'g']",-0.06
729,"['l', 'x']",-0.06
730,"['l', 'ŋ']",-0.27
731,"['l', 'h']",-0.05
732,"['l', 'kʷ']",-0.25
733,"['l', 'gʷ']",-0.07
734,"['l', 'xʷ']",-0.07
735,"['p', 'b']",0.78
736,"['p', 'f']",0.62
737,"['p', 'v']",0.5
738,"['p', 'm']",0.62
739,"['p', 't']",0.78
740,"['p', 'd']",0.62
741,"['p', 'θ']",0.62
742,"['p', 'ð']",0.5
743,"['p', 'n']",0.5
744,"['p', 's']",0.5
745,"['p', 'z']",0.4
746,"['p', 'c']",0.62
747,"['p', 'č']",0.16
748,"['p', 'ǰ']",0.05
749,"['p', 'š']",0.05
750,"['p', 'ž']",-0.05
751,"['p', 'k']",0.22
752,"['p', 'g']",0.1
753,"['p', 'x']",0.1
754,"['p', 'ŋ']",0.05
755,"['p', 'h']",-0.11
756,"['p', 'kʷ']",0.32
757,"['p', 'gʷ']",0.21
758,"['p', 'xʷ']",0.21
759,"['b', 'f']",0.4
760,"['b', 'v']",0.66
761,"['b', 'm']",0.81
762,"['b', 't']",0.56
763,"['b', 'd']",0.81
764,"['b', 'θ']",0.4
765,"['b', 'ð']",0.66
766,"['b', 'n']",0.66
767,"['b', 's']",0.26
768,"['b', 'z']",0.54
769,"['b', 'c']",0.4
770,"['b', 'č']",-0.02
771,"['b', 'ǰ']",0.26
772,"['b', 'š']",-0.14
773,"['b', 'ž']",0.14
774,"['b', 'k']",0.08
775,"['b', 'g']",0.35
776,"['b', 'x']",-0.05
777,"['b', 'ŋ']",0.26
778,"['b', 'h']",-0.21
779,"['b', 'kʷ']",0.15
780,"['b', 'gʷ']",0.41
781,"['b', 'xʷ']",0.02
782,"['f', 'v']",0.83
783,"['f', 'm']",0.22
784,"['f', 't']",0.4
785,"['f', 'd']",0.22
786,"['f', 'θ']",0.61
787,"['f', 'ð']",0.45
788,"['f', 'n']",0.07
789,"['f', 's']",0.83
790,"['f', 'z']",0.68
791,"['f', 'c']",0.61
792,"['f', 'č']",0.22
793,"['f', 'ǰ']",0.07
794,"['f', 'š']",0.45
795,"['f', 'ž']",0.3
796,"['f', 'k']",-0.04
797,"['f', 'g']",-0.18
798,"['f', 'x']",0.2
799,"['f', 'ŋ']",-0.3
800,"['f', 'h']",0.16
801,"['f', 'kʷ']",0.01
802,"['f', 'gʷ']",-0.13
803,"['f', 'xʷ']",0.23
804,"['v', 'm']",0.45
805,"['v', 't']",0.26
806,"['v', 'd']",0.45
807,"['v', 'θ']",0.45
808,"['v', 'ð']",0.63
809,"['v', 'n']",0.27
810,"['v', 's']",0.63
811,"['v', 'z']",0.83
812,"['v', 'c']",0.45
813,"['v', 'č']",0.07
814,"['v', 'ǰ']",0.27
815,"['v', 'š']",0.27
816,"['v', 'ž']",0.46
817,"['v', 'k']",-0.15
818,"['v', 'g']",0.06
819,"['v', 'x']",0.06
820,"['v', 'ŋ']",-0.1
821,"['v', 'h']",0.05
822,"['v', 'kʷ']",-0.12
823,"['v', 'gʷ']",0.07
824,"['v', 'xʷ']",0.07
825,"['m', 't']",0.4
826,"['m', 'd']",0.61
827,"['m', 'θ']",0.22
828,"['m', 'ð']",0.45
829,"['m', 'n']",0.83
830,"['m', 's']",0.07
831,"['m', 'z']",0.3
832,"['m', 'c']",0.22
833,"['m', 'č']",-0.16
834,"['m', 'ǰ']",0.07
835,"['m', 'š']",-0.3
836,"['m', 'ž']",-0.07
837,"['m', 'k']",-0.04
838,"['m', 'g']",0.2
839,"['m', 'x']",-0.18
840,"['m', 'ŋ']",0.45
841,"['m', 'h']",-0.3
842,"['m', 'kʷ']",0.01
843,"['m', 'gʷ']",0.23
844,"['m', 'xʷ']",-0.13
845,"['t', 'd']",0.81
846,"['t', 'θ']",0.81
847,"['t', 'ð']",0.66
848,"['t', 'n']",0.66
849,"['t', 's']",0.66
850,"['t', 'z']",0.54
851,"['t', 'c']",0.81
852,"['t', 'č']",0.4
853,"['t', 'ǰ']",0.26
854,"['t', 'š']",0.26
855,"['t', 'ž']",0.14
856,"['t', 'k']",0.08
857,"['t', 'g']",-0.05
858,"['t', 'x']",-0.05
859,"['t', 'ŋ']",-0.14
860,"['t', 'h']",-0.21
861,"['t', 'kʷ']",0.15
862,"['t', 'gʷ']",0.02
863,"['t', 'xʷ']",0.02
864,"['d', 'θ']",0.61
865,"['d', 'ð']",0.83
866,"['d', 'n']",0.83
867,"['d', 's']",0.45
868,"['d', 'z']",0.68
869,"['d', 'c']",0.61
870,"['d', 'č']",0.22
871,"['d', 'ǰ']",0.45
872,"['d', 'š']",0.07
873,"['d', 'ž']",0.3
874,"['d', 'k']",-0.04
875,"['d', 'g']",0.2
876,"['d', 'x']",-0.18
877,"['d', 'ŋ']",0.07
878,"['d', 'h']",-0.3
879,"['d', 'kʷ']",0.01
880,"['d', 'gʷ']",0.23
881,"['d', 'xʷ']",-0.13
882,"['θ', 'ð']",0.83
883,"['θ', 'n']",0.45
884,"['θ', 's']",0.83
885,"['θ', 'z']",0.68
886,"['θ', 'c']",0.61
887,"['θ', 'č']",0.22
888,"['θ', 'ǰ']",0.07
889,"['θ', 'š']",0.45
890,"['θ', 'ž']",0.3
891,"['θ', 'k']",-0.04
892,"['θ', 'g']",-0.18
893,"['θ', 'x']",0.2
894,"['θ', 'ŋ']",-0.3
895,"['θ', 'h']",0.16
896,"['θ', 'kʷ']",0.01
897,"['θ', 'gʷ']",-0.13
898,"['θ', 'xʷ']",0.23
899,"['ð', 'n']",0.63
900,"['ð', 's']",0.63
901,"['ð', 'z']",0.83
902,"['ð', 'c']",0.45
903,"['ð', 'č']",0.07
904,"['ð', 'ǰ']",0.27
905,"['ð', 'š']",0.27
906,"['ð', 'ž']",0.46
907,"['ð', 'k']",-0.15
908,"['ð', 'g']",0.06
909,"['ð', 'x']",0.06
910,"['ð', 'ŋ']",-0.1
911,"['ð', 'h']",0.05
912,"['ð', 'kʷ']",-0.12
913,"['ð', 'gʷ']",0.07
914,"['ð', 'xʷ']",0.07
915,"['n', 's']",0.27
916,"['n', 'z']",0.46
917,"['n', 'c']",0.45
918,"['n', 'č']",0.07
919,"['n', 'ǰ']",0.27
920,"['n', 'š']",-0.1
921,"['n', 'ž']",0.1
922,"['n', 'k']",-0.15
923,"['n', 'g']",0.06
924,"['n', 'x']",-0.3
925,"['n', 'ŋ']",0.27
926,"['n', 'h']",-0.4
927,"['n', 'kʷ']",-0.12
928,"['n', 'gʷ']",0.07
929,"['n', 'xʷ']",-0.28
930,"['s', 'z']",0.83
931,"['s', 'c']",0.83
932,"['s', 'č']",0.45
933,"['s', 'ǰ']",0.27
934,"['s', 'š']",0.63
935,"['s', 'ž']",0.46
936,"['s', 'k']",-0.15
937,"['s', 'g']",-0.3
938,"['s', 'x']",0.06
939,"['s', 'ŋ']",-0.46
940,"['s', 'h']",0.05
941,"['s', 'kʷ']",-0.12
942,"['s', 'gʷ']",-0.28
943,"['s', 'xʷ']",0.07
944,"['z', 'c']",0.68
945,"['z', 'č']",0.3
946,"['z', 'ǰ']",0.46
947,"['z', 'š']",0.46
948,"['z', 'ž']",0.63
949,"['z', 'k']",-0.25
950,"['z', 'g']",-0.06
951,"['z', 'x']",-0.06
952,"['z', 'ŋ']",-0.27
953,"['z', 'h']",-0.05
954,"['z', 'kʷ']",-0.25
955,"['z', 'gʷ']",-0.07
956,"['z', 'xʷ']",-0.07
957,"['c', 'č']",0.61
958,"['c', 'ǰ']",0.45
959,"['c', 'š']",0.45
960,"['c', 'ž']",0.3
961,"['c', 'k']",-0.04
962,"['c', 'g']",-0.18
963,"['c', 'x']",-0.18
964,"['c', 'ŋ']",-0.3
965,"['c', 'h']",-0.3
966,"['c', 'kʷ']",0.01
967,"['c', 'gʷ']",-0.13
968,"['c', 'xʷ']",-0.13
969,"['č', 'ǰ']",0.83
970,"['č', 'š']",0.83
971,"['č', 'ž']",0.68
972,"['č', 'k']",0.37
973,"['č', 'g']",0.2
974,"['č', 'x']",0.2
975,"['č', 'ŋ']",0.07
976,"['č', 'h']",-0.3
977,"['č', 'kʷ']",0.39
978,"['č', 'gʷ']",0.23
979,"['č', 'xʷ']",0.23
980,"['ǰ', 'š']",0.63
981,"['ǰ', 'ž']",0.83
982,"['ǰ', 'k']",0.25
983,"['ǰ', 'g']",0.43
984,"['ǰ', 'x']",0.06
985,"['ǰ', 'ŋ']",0.27
986,"['ǰ', 'h']",-0.4
987,"['ǰ', 'kʷ']",0.25
988,"['ǰ', 'gʷ']",0.43
989,"['ǰ', 'xʷ']",0.07
990,"['š', 'ž']",0.83
991,"['š', 'k']",0.25
992,"['š', 'g']",0.06
993,"['š', 'x']",0.43
994,"['š', 'ŋ']",-0.1
995,"['š', 'h']",0.05
996,"['š', 'kʷ']",0.25
997,"['š', 'gʷ']",0.07
998,"['š', 'xʷ']",0.43
999,"['ž', 'k']",0.15
1000,"['ž', 'g']",0.3
1001,"['ž', 'x']",0.3
1002,"['ž', 'ŋ']",0.1
1003,"['ž', 'h']",-0.05
1004,"['ž', 'kʷ']",0.12
1005,"['ž', 'gʷ']",0.28
1006,"['ž', 'xʷ']",0.28
1007,"['k', 'g']",0.82
1008,"['k', 'x']",0.82
1009,"['k', 'ŋ']",0.65
1010,"['k', 'h']",-0.27
1011,"['k', 'kʷ']",0.82
1012,"['k', 'gʷ']",0.68
1013,"['k', 'xʷ']",0.68
1014,"['g', 'x']",0.63
1015,"['g', 'ŋ']",0.8
1016,"['g', 'h']",-0.36
1017,"['g', 'kʷ']",0.63
1018,"['g', 'gʷ']",0.84
1019,"['g', 'xʷ']",0.48
1020,"['x', 'ŋ']",0.43
1021,"['x', 'h']",0.1
1022,"['x', 'kʷ']",0.63
1023,"['x', 'gʷ']",0.48
1024,"['x', 'xʷ']",0.84
1025,"['ŋ', 'h']",-0.4
1026,"['ŋ', 'kʷ']",0.62
1027,"['ŋ', 'gʷ']",0.78
1028,"['ŋ', 'xʷ']",0.43
1029,"['h', 'kʷ']",-0.13
1030,"['h', 'gʷ']",-0.23
1031,"['h', 'xʷ']",0.21
1032,"['kʷ', 'gʷ']",0.84
1033,"['kʷ', 'xʷ']",0.84
1034,"['gʷ', 'xʷ']",0.66
